name,age,province,cie,money
Stella Cabibbo,22,AR,CE86771HD,1105.72
Stella Cabibbo,22,AR,CE86771HD,1105.72
Isabella Bonomo,,CO,TK51335MY,$1741.94
Ermanno Gullotta,93,CH,CS54295MH,2663.81
Dott. Giampaolo Vercelloni,92,TN,LO57026MA,1163.60
Dott. Amedeo Palazzo,67,SS,QP58596ID,1983.74
Stella Cabibbo,22,AR,CE86771HD,1105.72
Pellegrino Necci,12,LI,OV24375GH,1772.99
Mariana Ammaniti,67,SS,KG90735IV,2018.19
Dott. Dino Morgagni,77,bO,GQ06827UB,2194.43
Melina Gregori,92,VE,,1245.50
Benedetto Tirabassi,39,BR,TY13955IK,497.97
Lucia Aldobrandi,16,ME,UF08091LO,2537.50
Maria Carriera-Boccaccio,80,PG,CS88609HD,1920.69
Luciana Righi-Pederiva,90,RO,WF30897SH,
Clelia Moretti,91,MT,LE27689AW,1402.05
Ubaldo Boiardo-Squarcione,3,RN,TF51880YJ,1821.40
Ubaldo Boiardo-Squarcione,3,RN,TF51880YJ,1821.40
DaNIelE CesARONi-peTrUcCi,61,RO,YU02444YP,1841.53
Gianna Donati-Bruno,37,AG,ZW79039XK,2321.24
Pompeo Semitecolo,,MT,RF52570RK,2017.04
M. I. ,80,PN,PE56248AI,2675.65
Augusto Calgari,32,NU,GP90305VD,1344.53
Ubaldo Boiardo-Squarcione,3,RN,TF51880YJ,1821.40
Gianpietro Pedrazzini,6,GE,HB40606YN,2103.59
Giancarlo Tamburi,8,RN,OU21082BW,1110.31
,43,CB,XZ10811QO,283.15
,43,CB,XZ10811QO,283.15
Raimondo Carriera,21,PU,PK74918SO,1103.18
Sig. Enzio Bongiorno ,92,CE,BM43414YH,1909.73
Uberto Franzese,78,og,TN58798OD,
Luca Nordio-Dellucci,18,ME,ZI53773SV,2889.59
Luca Nordio-Dellucci,18,ME,ZI53773SV,2889.59
,89,BZ,MW19342PF,1725.52
Lando Casadei,26,PR,PR80806VB,1297.51
Ferdinando Nadi,25,NO,XT64905WI,843.56
Tatiana Tomei,,CL,FL16846AG,1102.85
Sig.ra Victoria Briccialdi,87,FG,EX18074LO,1084.65
Angelica Condoleo,4,VB,EE07140KF,1869.33
Giulia Battisti-Pedroni,1,LI,XR03471NZ,789.59
Gloria Balbo,56,MT,IH44788TL,1993.91
Carolina Giannelli,1,PG,YB11814LD,1512.04
Ottavio Schiavone-Borghese,24,PN,DN35322LO,2935.23
Raffaellino Scotti,74,TN,LR43655NH,833.98
Sig. Gionata Palumbo,10,AP,ZI76945ZK,1676.89
Paulina Rizzo,24,FR,UJ82838FU,1031.35
Napoleone Zanazzo,64,RM,ID44718RB,1583.42
Gionata Comolli,84,OG,ZK05750EG,2615.04
Giancarlo Tamburi,8,RN,OU21082BW,1110.31
Viridiana Cagnotto,25,CZ,GI66057JU,2003.10
Sig. Ermes Siffredi,92,FG,UT45065ZO,
Ruggero Mazzi-Balotelli,80,UD,FP48718RV,1091.73
Aurora Randazzo,90,RI,OS95909OF,
Mariana Caetani,43,CB,KC30584BS,1379.47
Fabio Vianello,12,VT,UV48904LX,2328.98
Antonino Pezzali,41,BG,GG37078KR,1720.32
Sig. Raimondo Dallapé,44,MS,OE50510AO,1524.17
Germana Zaguri,38,VE,NE65615ME,2248.62
Marina Casadei,26,AN,IP08186IZ,2886.63
Emilio Panzera,52,FC,FD13972HT,1068.45
Sig.ra Antonina Nonis,11,SA,TT46482QN,1326.52
Sandra Botta,16,AT,IS95811HV,1876.19
Alberto Cortese,12,KR,HA76331KW,2123.55
Pellegrino Necci,12,LI,OV24375GH,1772.99
Giacinto Zeffirelli,31,MS,MN28753YP,1641.99
Gaetano Aporti,9,PG,HD89796PT,
Napoleone Zanazzo,64,RM,ID44718RB,1583.42
Ilaria Toselli,13,AV,CG47632VP,591.11
Tonino Broggini,86,AG,TQ38423PD,1005.09
Giacinto Zeffirelli,31,MS,MN28753YP,1641.99
Flavio Briccialdi,,VV,MT67315WC,1901.07
Annamaria Pace,60,TA,KO95209lh,1342.83
Pompeo Semitecolo,,MT,RF52570RK,2017.04
Roberta Boito,5,,TC58716YJ,2070.87
Fabrizio Padovano,41,SA,OU68642HE,2765.96
Luciana Righi-Pederiva,90,RO,WF30897SH,
Lodovico Galiazzo-Turchetta,40,,LK91488GT,2674.88
Donatella Taliani,89,CZ,NR29051UB,1400.82
Maurizio Verri,48,AG,UA70435ER,1776.98
Lando Casadei,26,PR,PR80806VB,1297.51
Dott. Ronaldo Saffi,56,SI,LI64837CR,1773.79
Alessia Trussardi,74,LC,QN20876SD,1038.65
Dott. Veronica Viviani,49,SS,HZ11523LI,1779.65
Maura Lamborghini,90,TV,RQ98309HJ,566.77
Ornella Fabbri,60,,JU82433XD,2016.27
Graziella Brunelleschi,22,PU,YF71535JO,
Elvira Redi,31,NU,CW60214AS,1164.85
Amadeo Renier,69,So,JV58815GR,2148.10
Baccio Monaco-Bompiani,68,LC,LC39796EO,2241.80
Milena Moneta,79,AO,SD67260XO,1925.85
Lilla Beffa,9,FE,vz64297kp,1879.53
Lina Pirelli,56,AL,PX75162LM,1649.34
Jacopo Bodoni-Pace,17,RC,OR76654QI,2058.95
Dott. Biagio Canali,59,PN,II19862DS,1130.43
Dott. Giampaolo Vercelloni,92,TN,LO57026MA,1163.60
Lilla Corbo,53,LE,BU14027ZC,2549.01
Carlo Luciani-Scialpi,7,PR,ED53874WI,751.38
Coluccio Barese,49,,KK19669ZS,
Sergius Liguori,,TS,NC92270TX,2184.56
Gemma Renzi,40,FM,EC59789VX,2277.59
Elisa Mazzocchi,92,BS,YO10883WK,2087.17
Germana Vespucci,43,PI,uu78380iv,1578.91
Maura Rossini,77,AQ,IE43759BD,420.02
Sig.ra Chiara Palombi,54,VS,DH39050BW,1694.19
Giuseppe Soprano-Manzoni,71,,NI96592XX,-189.84
AGosTiNo ScalerA,,PA,ES08340FH,407.94
Sig.ra Luisa Vigliotti,10,CR,RK54101WP,364.62
Stella Cabibbo,22,AR,CE86771HD,1105.72
Cristina Solari,33,CE,SX38382FS,804.00
,89,BZ,MW19342PF,1725.52
Guido Zola,59,CH,Ep44802Pm,1708.78
Marina Casadei,26,AN,IP08186IZ,2886.63
Gelsomina Rienzo,77,VB,PT86283EM,2628.20
Teresa Treves-Delle,72,CO,CC44003OM,1900.83
Sig.ra Romana Cristoforetti,81,CI,CA60435ZT,1456.63
Dott. Angelo Tebaldi,88,PC,MB98925TQ,908.70
Ranieri Aldobrandi,9,LC,IU00910KJ,2774.79
Dott. Amedeo Palazzo,67,SS,QP58596ID,1983.74
Panfilo Rubbia,88,AR,FW69546HW,2599.41
Gianluigi Marrone-Armellini,82,SA,TF27171FO,1074.74$
Lando Parpinel,99,FE,DS78222KL,1280.79
Angelo Orlando,54,OT,FR02914AO,1967.01
Sig.ra Marissa Schiaparelli,94,TS,WA25866RR,
Sante Lucciano,55,BT,IH90271DT,686.36
Martino Ferrabosco,78,GO,VE04755CQ,2833.72
Sig. Giustino Scaramucci,18,SP,GQ95461JM,745.87
Pellegrino Necci,12,LI,OV24375GH,1772.99
Alina Mastroianni,16,IM,RA31069ZY,1929.83
Donatello Collina,15,,EU26660DK,633.51
Cassandra Juvara,-37,VC,GK84762GD,930.28
Liliana Pirandello,74,OG,MS52490GY,2293.89
Emilio Rismondo,89,VI,EH40382NS,
Graziella Brunelleschi,22,PU,YF71535JO,
Sonia Carosone,18,vc,ZT09316KF,
Dott. Galasso Rossetti,74,TE,UD95382VG,1477.60
Adele Briccialdi-Gucci,97,PA,NH71423FH,1297.54
Beppe Pignatti,24,CA,CV22530DZ,1793.68
Sig.ra Maria Cheda,98,VV,IW62531OG,1421.63
Griselda Tomaselli-Carpaccio,73,NA,SH40063JT,2270.46
Paoletta Lombardo,8,RI,IE04389HS,2509.18
Sebastiano Fanucci,20,TO,BP27967LL,1449.15
Giulia Battisti-Pedroni,1,LI,XR03471NZ,789.59
Chiara Donarelli,20,CO,AG62065WZ,1374.88
Flavio Mondadori,23,CT,AE80393EB,701.24
Berenice Iannelli,77,SA,DF84468PW,2098.90
Dott. Veronica Viviani,49,SS,HZ11523LI,1779.65
Dott. Veronica Pedroni,45,CO,CJ63036VJ,812.78
Veronica Benussi,76,VI,SD97334XS,1525.07
Ninetta Dossi-Rubbia,49,MI,,707.67
Amleto Toscanini,62,MI,UD01354PP,1623.06
Lilla Corbo,53,LE,BU14027ZC,2549.01
Teresa Segni-Prati,19,CH,WW25083VP,1536.28
Dott. Biagio Canali,59,PN,II19862DS,1130.43
Dott. Milo Salgari,23,PE,ZL92324KV,
Giancarlo Lattuada,59,VI,MI44837LD,1381.60
Laura Tartaglia,16,SP,IQ20950VU,1097.13
Tatiana Tomei,,CL,FL16846AG,1102.85
Dionigi Venditti,99,BZ,MX18202UT,1063.67
Dott. Gloria Papafava,14,TO,NY26570MT,1966.43
Dina Antonacci,87,VA,EQ77400XU,1471.70
Adamo Gaito,26,PN,OI48817IH,1042.45
Ugo Tamburi,55,,GE26152TM,1819.30
Silvia Lombardi-Mastandrea,33,,CL45944NH,1967.03
Stefania Tomei,65,MI,QC44220AN,796.21
Lando Grossi,20,FR,YM01427HV,1671.49
Sig.ra Rossana Salvini,25,UD,KF41287IX,527.18
Massimo Mocenigo-Abba,65,SR,ZS78555YO,1513.35
Jolanda Benigni-Sforza,74,CE,VQ73886VJ,843.06
Paola Leonardi,41,EN,ZP32012OJ,971.37
Dott. Benedetto Tozzo,22,BN,RC51787MH,1448.76
Torquato Borgia,99,GE,YY25013FT,2550.63
Annunziata Guinizzelli,74,VB,PZ46523EP,1973.25
Fabia Costanzi,70,VT,EF80356DL,1992.08
Lolita Pacillo,60,FI,FW87537FC,1214.42
Guglielmo Bignardi,20,BT,XZ91185JN,1763.05
Ugo Fiorucci,39,BZ,TN13484AK,1846.06
Susanna Baresi,90,CR,TR11772WR,2282.22
Isabella Bonomo,,CO,TK51335MY,$1741.94
Marta Fallaci,69,MI,AF25087NJ,1308.91
AGosTiNo ScalerA,,PA,ES08340FH,407.94
Michelotto Verga-Speri,31,PN,YM41432PY,1974.09
Romeo Tornatore,28,NU,DL95113IQ,1213.34
Mariano Gentileschi,11,CZ,ZB30098WA,1755.78
Marisa Cainero,95,LE,FM65329BX,1758.37
Olga Pasolini,28,CZ,SY88989UE,
Giovanna Errani,25,PG,KY12386MV,1302.17
Dott. Giancarlo Ungaretti,61,TO,PT28267GB,2357.56
Bartolomeo Mezzetta,42,,FP99186ZL,2049.57
Cipriano Albertini,4,FM,VH64131VV,2337.89
Nico Paruta-Zabarella,36,SP,DI89886RU,1263.05
Teresa Morandini-Grisoni,88,PA,US17176YC,3232.88
Giancarlo Salandra,59,CS,GC72793RU,1028.41
Lorenzo Bramante,96,VC,PU01776HE,1873.11
Fausto Corradi,17,AN,YO38268SN,1293.54
,21,PZ,VY05431XW,1718.54
Ignazio Oscuro-Segrè,,TP,ZM63067TZ,1234.75
Carmelo Nosiglia,87,NA,DS01333OZ,2871.64
Sig. Pellegrino Bevilacqua,13,BO,UZ65801EY,1377.75
Vincenza Caboto,49,BI,WD31890IW,$1510.58
Ippazio Pennetta,93,TE,UU66318WA,1588.18
Dott. Iolanda Tirabassi,17,RO,XI13860GU,1955.16
Sandra Mazzanti,64,RG,RV79502AZ,1427.16
Livio Onio,19,IM,MT85221TU,
Vincentio Pininfarina,86,RA,ON78698RP,2085.86
Vanessa Majorana,47,PO,DC56495MV,1860.19
Elvira Lombardo,9,BI,IQ56910WK,1317.10
Romeo Tornatore,28,NU,DL95113IQ,1213.34
Gustavo Travia,5,CT,ZU94955ZG,1985.96
Lidia Bartoli-Cesaroni,37,RN,RX33422JF,2689.08
Dott. Eugenia Baresi,86,,PY96125PZ,1898.62
Tullio Tasso,62,OG,VS92134QH,1302.10
Bianca Guglielmi,36,LU,KS47635JS,3557.71
Laureano Marazzi-Tamborini,,VR,DS64625CO,1083.89
Anita Marzorati,26,RO,ZD30880MV,645.63
Napoleone Renier-Meucci,42,PG,LM59718XR,960.93
Ubaldo Boiardo-Squarcione,3,RN,TF51880YJ,1821.40
Marina Ricci,33,PD,RA33125BZ,1454.24
Milena Moneta,79,AO,SD67260XO,1925.85
Ezio Babati,33,MN,ZN58667JY,1192.28
Tina Cuomo,23,PA,EV54781RD,1629.89
Sandro A. ,45,VA,,1328.66
G. Caccianemico ,35,UD,QN20301PH,1616.71
Agostino Tamburi,56,SI,EM45444VL,1149.10
Roberta Barracco,49,LO,TZ12943YP,2841.73
Nicola Guinizzelli,20,PC,WF76048BH,1217.28
Olga Mercantini,50,NA,CH30986OX,
Sig. Luchino Asmundo,66,NU,AH99661HC,2455.28
Michele Schiaparelli,5,SA,TC92500BU,1381.14
Tonia B. ,56,LE,RI55841OG,1125.12
Tiziano Saracino,40,AG,GX07149PK,1944.82
Teresa Aulenti,64,EN,VQ77447VB,1042.67
Dott. Amadeo Bottaro,82,FC,LU47054UJ,1957.59
Dionigi Gotti,63,PD,IH45646XB,983.71
,19,,GV95850HZ,1389.54
Sig.ra Victoria Venditti,49,PI,UY79028CR,2490.88
Nicolò Filzi,69,OG,YT92572GC,1350.05
Simonetta Folliero,21,MC,BF89716AA,1608.07
Oreste Raurica,63,PI,VD75741SO,2151.20
Cassandra Costanzi,91,PO,TV01554YU,1926.25
Baldassare Ruggieri-Ricolfi,28,,NZ20557JR,2127.45
Napoleone Procacci,93,IS,RT18576GN,2345.23
Nicoletta Tasso,87,NU,UW37573AO,2047.24
Dina Soprano,66,PD,FU31885CZ,1750.46
Hugo Goldoni,9,PG,VP38852GG,900.54$
Dott. Leone Ortolani,7,,TY05934YI,1428.96
nINeTtA LiguoRi,57,BI,VZ18874MQ,1725.70
Lamberto Cerquiglini,93,PN,LK46702FE,1707.70
Victoria Depero,46,LO,DM96544TA,2163.02
Raffaellino Castiglione,25,RN,HG62976FR,2613.57
Ermenegildo Cocci-Scialpi,51,AP,RU32153AJ,830.98
Melania Casarin,88,TE,NE80826WX,2769.39
Alina Gianetti,51,BL,VZ80308FR,2302.09
Barbara Vecellio,72,BL,WT26320KI,605.90
Milena Marinetti,72,EN,TS82070BO,3151.79
Lilla Doglioni,23,FM,KN82568YD,1550.91
Sonia Priuli,80,VC,ZS18745GD,2511.47
Maria Spinelli,39,PA,CO32323YN,1442.66
Sig. Gianluca Maglio,61,RO,SI10093WQ,1690.70
Rosario Niscoromni,44,FM,JO58298FB,2030.16
Francesco Piovani,13,MN,BZ68560VT,1576.72
Sandra Boiardo,96,CB,EV05392BV,2015.96
Romeo Bragadin,-87,BA,LX92018AC,1819.42
Eugenia Rusticucci-Pellegrini,23,RM,NE94701DU,208.69
Marcella Buonauro-Gianinazzi,18,TS,SI21466SS,1743.91
Clelia Casaleggio,93,RE,AM82616LN,
Maria Trincavelli,72,TP,OY38896XW,1794.89
Dott. Rosina Bosio,17,RI,RM26430RW,637.38
LAureano PaDoVano,47,MN,KA83823IK,1264.89
Sig. Silvestro Tafuri,37,SV,DH75189TO,804.61
Adriano Gasperi,95,BA,CU53684SC,331.35
Isa PIgNATTi-bAjArDI,87,AP,RR92703DB,1278.91
Filippa Caboto,64,,BL57764LX,2136.62
Dott. Bettina Romagnoli,4,BN,MJ13804SJ,2808.21
Antonino Tolentino,9,NO,RN79183KI,789.41
Dott. Piergiorgio Pizzetti,16,AQ,FG37382ZA,2010.06
Sig. Fulvio Infantino,12,TN,GG73548CL,1437.12
Bruno Armani,19,nA,XD52909EX,1079.95
Raffaella Finetti,25,FC,FM43258XT,1654.06
Dolores Caironi,48,SO,QD73394ON,2262.23
Ramona Caironi-Saracino,19,PD,IG09117VN,2571.87
Sylvia Farina,19,ME,ND43601UZ,1875.05
Guarino Polizzi-Valguarnera,33,LU,XI46798HD,2136.60
Costanzo Vismara,22,BG,TB19917HM,1179.37
Dott. Rosario Cociarelli,92,OR,RQ03453OL,1950.00
Dott. Marta Malpighi,75,VE,DW69316VQ,1346.89
Nicola Trussardi,56,TP,SZ23527XF,1205.28
Germana Pagliaro,78,FM,RG04331CB,2501.29$
Piergiuseppe Cattaneo,40,EN,GH76234IL,2217.09
Stefano Saffi,77,TR,HQ72273XX,1731.58
Dott. Priscilla Camicione,34,PV,YF31630FX,2069.53
Ottone Cusano,99,BO,UA31219TY,1656.27
Liana Delle,6,PI,QP98245LF,1337.75
Benedetto Beffa,79,LE,ZP73605XG,526.97
Uberto Vivaldi,-51,SR,NE23994GO,1631.53
Sig.ra Elvira Gilardoni,26,OR,NX33792GX,-68.91
Lorenzo Salieri-Calgari,60,PN,TO45737FP,2360.88
,55,CE,BH39005VZ,1611.81
Leone Ritacca-Montalcini,43,LC,OO49089MW,
Eva Gelli-Castellitto,26,AN,RQ39762FZ,2881.38
Ubaldo Gualandi,1,RA,RW76815XQ,984.62
Ciro Cusano-Giulietti,7,CI,RD27769MI,1470.05
Dott. Carmelo Branciforte,66,CE,NU68086BW,236.51
Dott. Valentina Garobbio,30,TA,HJ37670WF,848.58
Melania Badoer,12,RM,UC43352XM,1048.04
Margherita Naccari,58,SI,EV20171GZ,1722.86
Gionata Carosone,22,SA,HO51625OU,1870.14
Raffaele Campise,39,NU,BL99703DI,1799.46
Clelia Pizzetti-Treves,2,LT,UZ55249PI,2625.56
Sig.ra Lauretta Federico,50,AR,UM42120VO,1809.68
Venancio Giulietti,53,SI,OS99561TF,2389.62
Maria Spadafora,21,AL,GH83594PG,1880.20
Aldo Trincavelli,65,GO,GA30278JZ,1228.17
Virginia Gaito,17,VE,QK54391NY,1996.24
Veronica Camilleri-Campise,79,LC,PO21666RK,403.66
Liana Greggio,96,RC,PB90075AN,2617.51
Agnolo Sauro,42,OG,SE60924ZZ,2280.73
Gianpietro Franscini,96,PO,JD52422WN,989.40
Giuseppina Brugnaro,79,CT,FV10811YX,1510.79
Romeo Solari,76,LT,AO66277CC,1861.93
Ettore Vercelloni,83,TE,BP81931GR,1070.54
Gabriella Benigni,74,CT,HE80667AK,586.30
Gabriella Roccabonella,79,LU,VX39959SM,2692.31
Marta Nicolini,52,,ZA10941XP,
Maria Vivaldi,33,,FJ25237LL,1858.43
Marissa Antonini,3,BL,BU95665DE,916.52
Antonia Versace,92,RA,BK18779ZG,1990.52
Fernanda Camanni-Antelami,86,,QZ19887DP,2398.20
Enzo Villadicani,33,CT,HG85366WI,2372.10
Fortunata Andreotti,96,MB,QQ42523MT,
Giampiero Z. ,28,TE,PF17773TN,1677.05
Romolo Dovara,10,TE,AI96210TR,895.23
Luisa Onio,,TR,GR21648ZJ,1195.08
Cesare Draghi-Tirabassi,,AT,ZT82539BN,1365.91
Sig.ra Stefani Molesini,96,SV,AJ11888TZ,1525.34
Sig. Ignazio Falcone,35,AN,TC20763CP,1570.32
Pasquale Camicione,64,RM,XR59671QE,2230.14
Ludovica Zaguri,92,TR,ZX18458CN,774.81
Raffaello Grasso,67,VT,PI12915BT,1585.50
Aurora Franzese,37,SO,MO76652GB,1084.80
Ciro Florio,84,BO,OA74765LT,1763.56
Elvira Barcella-Corbo,22,KR,HL70408MO,1258.40
Tiziana Finotto,64,SO,AZ91065HJ,
Adele Cimarosa,71,PU,FF89070ZI,-427.68
Sylvia Briccialdi,74,CN,VN07209KO,2652.41
Enrico Tozzi-Puccini,42,PC,NC84495FQ,752.03
Baccio Cadorna,29,PD,SW27324MN,2673.74
Donatella Broggini,22,AN,RF67537OO,2176.65
Benedetto Greggio-Lucciano,79,TN,QB22742VC,1286.77
Giustino Majorana,39,BR,XE96459TD,1564.37
Elisa Pisano,98,OG,TY52977YL,658.15
Benvenuto Schiavo,49,FM,TZ73532UN,2524.44
Emma Paruta,56,PU,PT23243HZ,577.75
Victoria Ossani,46,VC,VS66727IK,2331.90
Giulietta Galilei,14,PI,OZ67143OU,2034.38
Giuliano Monicelli,6,BN,BB11796LR,1853.95
Rembrandt Vercelloni,31,CN,LI26862CK,1215.04
Achille Tamburi,89,AV,QD28707QK,1311.02
Dott. Alphons Zeffirelli,36,SV,PR29967SX,641.34
Melina Detti-Leone,21,PA,NY93618UW,1776.51
Sig.ra Eliana Rizzoli,61,MN,RH09426FZ,
Gianpietro Dellucci,82,PO,WX91146YK,1707.15
Antonia Ostinelli,67,BS,RY54317KY,1427.97
Veronica Cagnin,,GE,DE91751RT,177.26
Giustino Canil,22,SO,VQ96303HL,1731.19
Bettina Gramsci,59,AP,NA77134OW,1550.06
Amico Ceci,18,AQ,Pe48566rJ,315.55
Gianfranco Farinelli-Costanzi,99,NU,AO51468FW,1942.37
Stefani Cociarelli-Canevascini,29,CS,ZU66919RQ,1700.78
Greca Donà-Ruffini,4,AO,LC83447OD,1848.11
Arturo Beccaria,53,SV,QL94172Gt,$1424.19
Sandro Giannotti,57,IS,SN93465SK,2380.63
Rosa Germano,97,MC,RC71461TF,1346.89
Patrizia Luna,84,SV,MK35005PH,1500.05
Dott. Gianna Cociarelli,20,EN,PZ54393PS,1681.29
Ernesto Mezzetta,69,,VF27059KX,2007.62
Raffaele Manolesso,89,VC,TB45157AO,1799.59
Gilberto Mondaini-Fusani,6,MS,CF57847AG,1296.61
Dolores Iacobucci,52,BL,BI39269AE,103.90
Rosaria Grasso,17,IM,MP71915DK,$564.97
Tullio Zanazzo-Solari,90,PU,RG80931OJ,2541.26
Dott. Adriana Barcella,,NO,OV86443OC,3122.21
Cassandra Busoni,27,TP,UF97157HH,61.23
Aria Capecchi,42,FM,MF28437OJ,
Raffaele Trentin,66,FG,KH84844XI,1111.11
Cristina Gagliardi-Rosselli,1,,UM30878BC,2031.24
Giacobbe Donati-Totino,70,RI,LB80981VR,1652.01
Etta Ponti-Bellini,29,AV,WB98107WZ,2669.09
Piero Crispi,96,NO,XP31235DV,989.66
Raffaella Tedesco,95,FM,NK41596BI,1851.93
Dott. Gloria Galeati,84,BG,YC22675FB,2100.64
Serafina Vendetti,76,PO,OD63367YD,1174.78
Fiorino Rizzo,,AG,UB30485fX,1630.04
Luca Carocci,47,VV,XR04100SB,2738.47
Viridiana Leonardi,52,VV,YH98198GH,1710.09$
Lucia Ravaglioli,49,CA,JE05043CC,627.13
Alberico Casini ,76,NO,AS03895OS,1625.39
Veronica Rizzo,32,CZ,WQ79341EO,1296.91
Bianca Gulotta,59,NO,PN80870XY,1768.03
Carla Micca-Fo,6,AP,OU29211IM,1216.78
Claudia Guinizzelli,10,TO,DM89946BG,763.54
Alessandra Magnani,27,RA,LE19616WF,1694.42
Rosalia Fogazzaro-Cilibrasi,40,TE,NQ81887ZQ,1285.63
Adriana Boccaccio-Casellati,22,PE,LF16390RN,2349.57
Sig.ra Eva Gadda,16,NA,HB09229LU,2052.85
Virgilio Scarpetta,70,MT,YE42495CV,672.11
Valentina Mancini,1,PR,CD49450WX,1869.85
Sebastiano Vendetti-Salvini,50,MS,HB96653FN,1270.53
Raimondo Satriani-Venier,24,,YK50200PU,1173.46
Dott. Livia Zoppetti,65,CZ,WI35013LT,1092.72
Adele Scaramucci,18,CZ,DH10101PS,1028.17
Bianca Gasperi,64,FG,XC19191FZ,$1468.78
Piersanti Ruggeri-Donatoni,36,RN,UE11280HY,2524.69
Sandro Ceci,63,,DB25551TI,1420.95
Amleto Romagnoli,33,VC,HP66344YA,2743.41
Gianpaolo Foa,89,EN,ES33812EX,1458.01
Annamaria Gabba,34,CS,QH04079SE,1433.87
Dott. Giancarlo Tamborini,41,AR,XB04568XH,2373.88
Sig.ra Romana Moccia,27,LC,WZ80387NO,940.34
,33,CR,JT70414IR,1384.40
Niccolò Grimani,7,PT,RJ81514RM,1621.91
Rosina Gotti,36,RG,TH28977IS,1481.28
Arsenio Bragadin,24,VV,XV08123YM,549.16
Antonia Zampa,28,FE,UX98883GP,1233.81
Bruno Brunello,59,MS,YS12447NT,1972.83
Dott. Dino Innocenti,86,,JV10115MA,1651.21
Maurilio Scalfaro,54,RA,TV98550IX,1083.45
Isa Caetani,55,KR,PN46388KQ,2687.15
Dina Coardi,15,BL,SS04448EF,394.47
Lilla Ortese-Stradivari,69,IS,GM88731WS,1880.01
Sig.ra Adelasia Turrini,49,RE,MH14354ZO,1551.20
Martina Santoro-Modigliani,59,BN,DB99585PK,2892.32
Pierluigi Pirelli-Gravina,96,CL,JK03387TH,1063.01
Maura Fabbri,29,AQ,PW95361UH,1280.94
Ida Verri-Ponti,4,NO,YX47256XY,1093.10
Germana Parpinel-Pincherle,77,LE,ES80733ZJ,298.76
Sig. Pasqual Moresi,-52,SA,HJ23141BH,189.19
Luisa Cugia,88,PD,WV13922RQ,573.57
Salvatore Magnani,8,CI,FR33714VP,2433.56
Lisa Marconi,82,PI,NH46086LI,2247.85
Giampiero Bernetti,68,RI,GE24934HT,1486.23
Antonia Folliero-Impastato,11,CH,HD02732AJ,1115.93
Flora Segni,4,KR,SA44773YG,
Mariana Micca-Veneziano,7,CO,ZN86255XB,1633.84
Michela Marinetti,32,LC,TN59521YS,1976.21
Sig.ra Lauretta Nicoletti,41,MI,GC58584TP,1879.60
Dott. Micheletto Nosiglia,22,CL,JM33761KN,1801.04
Rocco Trincavelli,28,RE,VE02471DY,1875.77
Pina Jacuzzi,26,GR,VN80090WM,1754.89
Valeria Foà-Cherubini,25,AR,OG27688OV,1651.78
Piero Rienzo-Ferrabosco,51,PT,,
Gastone Ligorio,98,NU,YP72720AW,1019.51
Lorenzo Grimani,33,BA,BC31855PO,1089.20
Francesco Gabba-Paruta,62,CA,NM28362LI,1300.63
EVangeliSta LuccheSi,78,CT,AB91272WW,1461.36
Antonina Tresoldi,78,TN,PM49493JX,511.53
Dina Alfieri,87,MS,BX87016WK,2203.52
Marco Trincavelli,58,BN,LG90211KR,1184.35
Giulia Mancini,89,RN,GE33617IZ,611.79
Teresa Collina,93,MO,DY76626DT,1761.64
Niccolò Tiepolo,82,SV,RM43018OF,974.49$
Lolita Onisto-Piccinni,13,LT,ZV62306GS,717.60
Ludovica Pausini,41,AT,UO43148RL,1705.18
Luigina Morandi,22,FR,EY87911OY,
Sig. Ciro Cattaneo,74,MC,BY72984IT,279.73
Bianca Gentili,9,IS,KT12771EX,1429.10
Galasso Fibonacci,17,CI,NL69691JQ,1001.80
Bianca Corcos,95,SR,EN61376MS,1882.91
Marcantonio Leonetti,78,MN,FP38936ON,593.12
Lorenzo Brambilla,72,MT,JS00197MY,946.54
Silvio Vittadello,68,BN,CE51269NP,1160.51
Allegra Conti,,AG,ET56691VT,3295.44
Lidia Fogazzaro,49,FC,le64949hC,2430.86
Lucrezia Ughi-Tanzini,44,AT,SK12566NQ,405.09
Piero Cesarotti,3,SP,NS79418UY,1382.27
Ronaldo Trentini-Detti,19,AN,TR78314FU,
Lisa Malacarne-Zecchini,54,BI,NK22202KF,943.71
Zaira Botta,48,RE,UF09910QR,1130.50
Marina Pizzetti,-57,TA,ED31092PD,1442.31
Dott. Rossana Finotto,57,MS,YO07077FR,1089.86
Camillo Micca-Boccherini,14,ME,MN65632ZX,1290.48
Chiara Bosio,65,BR,EF85843IL,991.51
Ermenegildo Pistoletto,45,FR,UF55366DQ,2309.65
Filippa Alonzi,39,AO,EY71079XU,1703.03
Sig.ra Vanessa Zeffirelli,38,CB,CX02099VM,1272.54
Graziella Vanvitelli,65,VI,ZR33099FS,2010.97
Luigina Benigni,9,PI,CS74096RD,$665.27
Martina Pertini,43,CN,CS67520IM,1262.33
Aldo Salvini,79,CT,iB88891xt,1976.27
Liliana Babato,65,LC,QV85603RZ,544.32
Renata Castioni,17,VT,SQ76816SS,
Elisa Rossellini,18,RC,CO28270SO,1560.01
Mirco Emo,14,FE,UJ60499TQ,3021.60
Sig. Rembrandt Santoro,42,AL,KK71819VP,1258.62
Gabriella Bondumier,43,SV,CV87454VY,1801.35
Sig.ra Zaira Seddio,70,NU,GV00469JU,474.69
Torquato Gianinazzi,80,AG,JT07276UR,2024.54
Martina Bertoni,78,BG,CF21867DH,1900.19
Veronica Ritacca ,92,,RB01506PD,1061.03
Tina Giovine-Vecellio,62,KR,LT95117XB,2456.03
Umberto Dibiasi,76,TV,AF54452IW,
Ivo Venturi,58,MS,CA81205HF,1815.02
Sig.ra Elvira Antonucci,36,PN,OY26318IK,886.07
Sig. Amico Moccia,11,UD,WK70375FP,776.60
Fiorino Visconti,97,MB,MC22054BF,1814.15
Victoria Toso,60,RI,ZX58493KC,2391.99
Sig. Giorgio Crisafulli,3,BG,IO80302AO,
Sig. Filippo Gilardoni,38,AT,NH31517DQ,1218.24
Aurora Mantegazza-Petrucci,76,MC,NS35168GF,1852.52
Morena Favata,63,UD,DY00982KI,1356.96
Cassandra Bragaglia,2,,CR66640CN,2038.47
Liliana Giannini,93,AO,SV64499XR,
Dott. Annalisa Donà,90,SI,FL06488XV,935.34
Sig. Michelotto Ferrari,70,PU,VH34988GD,606.38
Sig. Gino Goldoni,99,AR,QK01760II,2808.88
Lidia Malatesta,5,TN,MN41527CU,1505.69
Lazzaro Aloisio,35,CN,DD50035ZB,3083.67
tATiAnA TuRAti,24,MB,PE84643HZ,1015.85
Dott. G. B. ,31,TS,JW25965UO,1429.07
Nina Falier,97,FM,IE71890CG,1293.34
Dott. Giampiero Marsili,81,CZ,GL30030CG,
Ramona Pederiva,79,RA,NF57696HY,1312.20
Daria Morellato,84,PT,CM49231KH,1113.17
Maria Bettin,91,BR,IW89304JP,943.64
Fiorenzo Tron,63,PD,SP32150PE,881.97
Sig.ra Sophia Strangio,72,AO,OU40061HY,135.54
Chiara Giannelli,99,LC,PP11363AE,1629.24
Leonardo Vattimo,35,AN,AX52804EC,1587.51
Pietro Druso,19,MO,FI73162VD,871.10
Letizia Luria,37,VV,XQ16122VG,2930.26
Panfilo Giannelli,89,IS,AB51814MB,1009.71
,62,MS,AF92799XF,1160.84
Antonietta Vianello,5,PA,PG15639ES,1678.89
Dott. Dina Pellico,81,LE,AQ42091SQ,2408.60
Sig. Milo Santi,79,AL,NJ13798MR,2066.32
Luciano Pacillo,,LC,UA45746OR,3122.71
Gianfrancesco Nicolini,76,VE,XG51096UH,1765.12
Ottavio Pavarotti,22,MN,NC86695WL,517.24
Giuseppina Galuppi,37,GE,LE89147YH,612.41
Sig. Laureano Querini,,RE,HQ58481XQ,1989.55
Lisa Boaga,25,AP,DQ30033BC,1774.96
Elvira Serlupi,12,,LP17787KU,2001.07
Benvenuto Finetti,13,VC,VQ50257ME,1945.58
Antonia Cugia-Paruta,67,VB,YO63264XD,559.56
Lidia Corbo-Juvara,38,CH,LZ49478XY,2795.40
Ornella Novaro,83,CR,XN93182IL,648.31
Corrado Garibaldi,95,PN,KN53769VH,1891.76
Jacopo Juvara,58,MC,,2110.03
Giorgia Cuda,,AO,IK80152VZ,1826.37
Ilaria Balbo,10,CE,IB03792YZ,644.75
Dott. Laureano Carullo,96,,IP71876GW,1172.31
Elena Pontecorvo,62,VS,VY59706VZ,694.11$
Agostino Fagotto,14,AR,JR57901EF,823.02
Dott. Ermes Orengo,27,LC,RQ89048CS,1518.39
AlLEgRa FiNZi,25,IS,OF40551KR,2253.03
Mirko Borzomì,6,TV,UH77934UX,2088.39
Annunziata Magrassi,16,FI,XE57641YF,1712.15
Domenico Berengario,2,,VJ76666VY,2790.25
Ludovica Montalti,23,PC,II52690XJ,1633.87
Marina Basadonna,91,TS,LE70628VX,1143.81
Dott. Romana Salgari,57,VT,DC77536AO,1491.58
Ida Cabibbo,31,ME,DT55469HF,1865.01
Gioachino Pedrazzini,42,CE,EI30378OK,1840.32
Flavia Campano,2,PU,,836.33
MaTiLDa mAZzanti,29,TN,FB68923IB,2166.19
Stefano Parpinel,-38,TS,CI39663KR,
Mirco Garrone,91,AL,VT33986PE,1469.91$
Carmelo Cannizzaro,17,RC,LU58177LJ,1657.21
Iolanda Pellico-Cilea,60,PI,RR49784KY,1796.05
Letizia Lucciano,99,TA,SS20334GB,801.58
Ida Cannizzaro,92,FM,JO83272QL,1506.66
Marcantonio Cortese-Manolesso,72,,SD71638DQ,1334.28
Dott. Maria Scalfaro,52,AO,,564.43
Dott. Paloma Mattarella,58,OG,MX69633UB,3247.76$
Tonia Pedersoli,52,FM,GF47095QO,
Michela Bertoli,36,LC,DB57516FT,1233.75
Nicoletta Romano,77,AL,LP20894VK,760.40
Laura Giovine,7,SV,KG82596HP,3722.16
Mattia Govoni-Procacci,59,RI,UF44266SQ,342.24
Donatello Zaccardo-Sommaruga,6,BR,QU38678WS,865.95
Gloria Santorio-Abbagnale,47,NO,WI36374NC,$1326.16
Giuliano Morucci,91,BA,UM62444XB,796.32
Dott. Nico Carfagna,37,IS,BL64104CA,76.32
Dott. Rosaria Malaparte,24,TV,MQ99737DR,908.73
Pierpaolo Onisto-Palladio,12,VA,TD34453OE,817.93
,80,MS,BA08111MJ,1206.84
Liliana Cherubini-Costalonga,63,RO,LM82481VS,1391.41
Bianca Greco,72,PI,PY09975DJ,1491.30
Luciana Iannucci,66,MB,PR62647SP,1626.69
Corrado Marcacci ,72,NO,IL39228JV,2305.26
Benito Comolli,39,PZ,NJ77176DH,1893.38
Romolo Benigni,10,AN,LP85301XZ,1380.92
Nino Mascagni,17,BL,GD53906ET,1914.93
Licia Marino,64,ME,DD05852BC,2399.49
Sandro Acerbi,64,FC,YA48638KB,-750.73
Carolina Roccabonella,80,GE,SO95073LU,468.96
Sig.ra Giulietta Carullo,16,PU,DL38287EA,1640.27
Costantino Cadorna,12,,VP79751VJ,1909.74
Donatella Verga,12,BS,RR12157UG,1678.56
Matteo Mozart-Milanesi,52,TR,Yu19854dA,1318.60
Jolanda Gaito-Staglieno,25,UD,RC34551OZ,
Rossana Poerio,38,PT,IG41444DY,1285.43
Dott. Marcella Pulci,58,RA,OZ63544QE,562.55
Bettina Veneziano,12,SR,OS29111ZW,425.53
Paloma Galiazzo,81,PZ,JF44781WI,1813.54
Alessandra Scarpa-Cesarotti,18,GR,CD90950IL,-430.81$
Sig.ra Eliana Luxardo,45,FM,UZ55467YZ,946.61
Amico Druso,53,FM,HO03251HN,1642.98
Rosario Pederiva-Marini,27,Ba,Wy12231wC,1575.55
Simonetta Nicoletti-Barese,94,VA,TZ39134NT,2524.79
Victoria Gianetti,13,RE,XP36755HJ,564.35
Carolina Piacentini,47,ME,XF56635YD,1347.80
Dott. Angelo Sordi,33,OR,VW71681CS,1859.77
Gioffre Franzese,23,PE,KZ48912WB,1872.17
Dott. Giuseppe Camiscione,55,BA,IE38020MK,1980.41
Silvia Ceravolo,42,PC,RQ18173PN,2312.37
Romeo Bosio,1,SI,OH68819QO,1193.95
Cirillo Geraci,11,UD,YS50655NK,1769.89
Ludovica Foconi-Chittolini,51,OG,LH74396FF,1860.58
Salvi Alfonsi,14,BR,QS16798DO,184.05
Eliana Ostinelli,67,OG,DH02529VB,1973.57
Renzo Veltroni,99,CN,VO78036ZK,1648.73
Vanessa Delle,60,LC,TN04815IQ,778.77
Federica Mantegazza,26,AL,HN77619HF,1348.48
Greco Anastasi,76,PA,YD49832TX,2430.21
Giosuè Pacetti,52,PT,RH64720NW,2448.01
Dott. Erika Druso,88,VA,YK85973BP,584.72
Ivo Dossi,9,LI,NO86998BD,1691.63
Gaetano Lollobrigida,49,FG,KP92992QA,1785.49
Virginia Bonaventura,35,PR,TR73719FI,1164.34
Bernardo Sinisi,96,PC,AX01291BM,1461.96
Marina Giammusso,50,FG,HZ44525TR,1918.80
Gionata Lovato,69,RN,RW46955DP,2197.83
Calogero Ruggeri,40,LO,TS80156UX,586.44
Dott. Bettina Orengo,90,GR,QT21505GF,2116.06
Giulia Missoni,5,,LT20393TA,711.08
Irma Pincherle,29,PZ,ZP38148WV,684.49
Sig.ra Antonietta Mondaini,24,VB,KX29206RK,2199.08
Livio Mantegna,60,BI,RD83375VY,1499.01
Dott. Barbara Cardano,66,FM,VH19547PL,
Lidia Littizzetto,-8,BZ,DN82455DW,1237.53
Stefania Rosselli-Foletti,8,PZ,LM85660YP,898.54
COsTANzO ALIGHIERi,70,CL,TP17108ZQ,
Amleto Beccaria,94,LU,RY97729MJ,1778.06
Natalia Manunta,90,AL,JR71886CF,516.64
Amadeo Gentileschi,94,PC,EL57446SB,2754.91
Michela Valguarnera,35,PG,VJ18905US,448.17
Dott. Maria Garrone,55,FI,mw28849xt,1081.22
Vito Baresi,75,PE,PJ43510YN,2285.47
Sig. Torquato Toninelli,18,BA,WA91536BX,1724.90
Lucio Boccaccio,21,Cz,VI34208AW,2203.81
Barbara Cimarosa,81,VV,KP28072YT,1381.89
Imelda Pininfarina,4,RC,HK27588YX,211.22
Sig.ra Eugenia Montanelli,90,BN,UV38222WX,807.87
Sandra Antonelli-Coppola,24,AP,CZ11304CA,1701.03
Aria Canali,50,,MK04582LP,1531.86
Patrizia Lamborghini,4,,EJ35039EL,547.17
Virgilio Tirabassi,55,PC,,-60.61
Antonio Argurio,,MT,AB21817GO,1181.13
Licia Lerner ,10,OT,SL34246ZM,1402.70$
Antonia Offredi,99,BL,TR16735NG,1618.88
Lauretta Duodo-Vecoli,8,AO,SE72668DN,652.54
Serena Tacchini-Duse,11,CN,MK91097TW,1752.78
Allegra Grimani-Catenazzi,15,IS,QJ77314CI,1658.96
Tina Tosi,9,PO,TY69092NJ,2648.53
Antonia Alighieri,35,VT,ZM81977PG,1814.56
Sig.ra Giuseppina Bonomo,93,AG,KL09151UB,
Enrico Briccialdi-Boito,65,LI,NY07933RU,1576.76
Pietro Manolesso-Raurica,15,FE,TZ32634HK,2396.79
Sig. Domenico Cendron,66,pz,ML46273EG,
Rosaria Balbi-Garibaldi,73,BG,HS15636WI,1145.81
Aria Scarfoglio-Malaparte,29,BN,PS95041KX,
Giulietta Tuzzolino,37,LI,XN10716LD,1049.85
Bianca Botticelli,56,RN,NX06172KP,999.07
Benvenuto Salieri,84,,UP74198HV,2117.85
Paloma Bottaro,76,FG,YS88393EW,926.94
Pompeo Volterra,82,NU,IR88014GI,1729.32
Amleto Tanzini,62,LE,ED90283DE,513.84
Liana Pergolesi,49,SS,ZS47424DK,2436.91
Fernanda Niggli,63,EN,oO95448dH,1432.19
Danilo Fuseli,40,VB,MS08239JR,1433.32
Telemaco Barozzi,65,VI,AT70576ET,1156.82
Sig. Lodovico Traversa,28,CE,OY88012YI,
Marta Pavarotti,74,LI,WM93926GV,2563.64
Nina Bignami,51,TV,XR09154CJ,1120.97
Margherita Dossi,25,FG,EB14103JT,758.91
Alfio Zoppetto,56,VC,OA94437JT,1303.11
Sig. Ippazio Filangieri,87,PE,ZE10958VX,1232.92
Dario Letta-Garobbio,95,LT,KC17534XV,1568.67
Marina Bellucci,64,MN,EK37180PW,-22.36
Nanni Bartoli,22,CB,MH25750SQ,2702.97
Sonia Priuli,72,VI,QJ52827CV,1348.83
Costantino Borsellino,4,AR,BQ02340OT,1820.48
Antonio Maspero,96,BN,ZI45972US,2743.72
Arsenio Gregori,16,CN,LB88721JN,1897.10
Francesca Frescobaldi,20,TE,KR62329JL,1926.78
Gilberto Gasperi,37,RI,NN44279JX,1056.60
Dott. Adelmo Montanari,78,OT,LY30762XR,1360.55
Fernanda Segrè,16,PC,IQ04048LU,2587.35
Dott. Gelsomina Cabrini,70,LO,JU69107XM,3256.00
Angelo Strangio,37,Tv,QD92371VO,2112.96
Livia Pometta,19,TV,VM27212QI,-138.24
Sig.ra Valeria Rastelli,9,IM,MF59248OR,1863.49
Ciro Roncalli-Sabatini,24,MC,NY46513NF,1353.40
Donna Medici-Baroffio,87,AG,BU62790BJ,2359.03
Etta Bocelli,4,AN,PZ66380OW,601.40
Alina Gelli-Ruggeri,2,IS,FP15854OX,-178.69
,-15,BG,OJ30674HJ,1100.96
Gelsomina Rensi,32,OR,WM91176DB,777.13
Berenice Soprano,24,AR,HI13514TH,309.35
Liliana Mimun,3,MO,XC71331RP,
Dott. Annunziata Contarini,61,PE,UY97627MY,1871.02
Claudia Mercadante,4,SS,BI76500HR,960.36
Viridiana Parri,1,BZ,GP83539PG,2232.97
Puccio Rastelli,96,PE,GX12390VV,553.08
Ezio Cugia,99,SI,HK25397TQ,1237.02
Milo Biagiotti,13,BL,CO62785QG,1520.55
Milena Rossi-Padovano,23,VC,DA02840QZ,1104.23
Dott. Zaira Roccabonella,25,,XD11474OE,2581.23
Dott. Carla Sismondi,56,IM,XN81123MS,1046.46
Sebastiano Valmarana,57,RG,GB27682KZ,1696.96
Augusto Marzorati,34,CH,TI78050CB,1669.79
Alessandra Maffei-Balbo,58,RM,ZW85279TZ,3007.98
Federica Busoni-Basadonna,97,FE,ZH88435JK,464.90
Sig.ra Cecilia Sauro,30,LI,BE30117LZ,1205.13
Pierpaolo Pacetti,13,PD,LM61686CM,1478.11
Rosario Biagi,64,LE,TJ12432NP,
Ricciotti Leblanc-Camanni,43,PR,FG58558MA,576.70
Michelangelo Virgilio,63,RE,RQ19136XJ,1347.63
Stefano Caetani,67,CL,WE86761FU,990.47
Tonino Gozzi,2,TS,ug39765Oo,2882.88
Giampiero Panatta,7,RE,BN65312ON,
Agnolo Muti,52,RM,GF35629gk,739.59
Lisa Donati,18,TP,TZ66350VU,2403.94
Claudia Carullo,31,SP,LW92299EL,1039.61
Cecilia Jacuzzi,99,BT,JS47362KN,1249.53
Valeria Siffredi-Trombetta,34,CO,PB16041WZ,1368.41
Etta Faugno-Cutuli,73,LC,YN37179NK,2448.86
Teresa Maggioli,12,MI,FX48094JY,298.68
Margherita Bassi,44,BI,BR84342BE,2224.47
Fortunata Gemito-Casale,16,BA,SS48391BB,1204.55
Raimondo Bottaro,70,TE,QQ42510FI,490.98
Amico Fabrizi-Iannucci,17,BS,MR01676QO,1207.36
Fausto Treves-Antonelli,89,MI,QM76962DO,2320.52
Renzo Pacomio,17,MN,OS45500MY,1668.68
Sig. Mariano Lucciano,99,MB,DJ14667AD,1548.95
Caterina Errigo,74,PI,ki14411Ez,1067.15
Daniele Lattuada-Marino,90,PV,ZJ97998HX,641.21
Irma Ravaglioli,,MN,FO20548SM,2078.68
Dott. Enzio Lussu,25,SI,LY51214CU,1167.00
Giulia Zito,60,CN,RG28783LT,916.33
Natalia Toselli,63,TS,WY69147ZT,422.48
Dott. Pompeo Pepe,86,LO,UF86070YE,240.01
Dott. Susanna Speri,44,PZ,Bb96388vS,2322.91
Raffaella Benussi,42,SR,QP30539PT,1477.33
Lauretta Zaccardo,49,OR,QW08408TV,923.00
Melania Borgia,57,VI,ES27020BO,536.98$
VictORIa MAnTEGNa,19,FI,TC93291UZ,1868.15
Lauretta Storladi,40,SP,RL72011AA,1998.13
Sig. Lando Vecellio,53,CB,GS77786YG,1583.31
Loretta Cuda,13,,FZ42810HT,432.71
Antonietta Bosio,2,RC,LP40162JV,1418.74
Lina Giannetti,2,SA,NY01490QL,1912.07
Dott. Nico Bottigliero,65,FR,LB84399XA,1960.12
Sig.ra Sonia Randazzo,45,CE,WL14789VX,966.73
Clelia Bixio-Balla,83,BL,OF59253NW,2198.40
Sig. Giuliano Borsellino,21,RG,ES06325DT,2496.03
Alfio Antonioni-Buonauro,19,PO,UY23011TO,2149.19
Dott. Virginia Tornatore,86,PC,QW54148YO,1995.28
Atenulf Trebbi,53,CB,KR31963JF,1548.00
Dott. Griselda Mastroianni,20,AV,YQ68407CR,
Salvi Argentero-Schiavo,26,CA,SM22385PU,531.43
Saverio Scarlatti,51,MN,dG95459rf,1764.05
Valentina Carnera,1,LO,US57572VV,1456.31
R. Luciani ,89,LI,DA87628PC,-369.25
Massimo Leoncavallo,64,FM,,872.10
Elmo Tolentino,90,MN,PI48223YG,1142.04
Federigo Giusti,72,IM,KH68442AW,1137.98
Maria Mimun,22,PE,PJ43059LM,2359.47
Raffaella Parri,40,FC,ZP74883PN,1508.67
Gianluca Casini,12,BS,PS46918SB,2096.25
Oreste Salata-Travia,45,LE,YB31612WU,2322.50
Dott. Ramona Schiavone,75,CR,KP48893GA,2731.30
Antonina Cocci,25,MS,NV54342BO,2514.06
Osvaldo Treves,58,TS,LW85435GW,696.73
Marina Morandini,65,PD,JM00905FD,942.36
Aurora Seddio-Mascagni,90,BN,BG17952LR,1993.13
Vincentio Moschino,4,BA,ST64602BD,$253.26
Elena Strangio,15,PA,DM23201AG,2296.24
Baldassare Satriani,3,BO,XW38938IN,561.33
Gionata Telesio-Caruso,20,TN,JE25243OI,
Sig. Franco Alfieri,71,PE,KF34429XX,1820.58$
Napoleone Carfagna-Niscoromni,82,CA,YX66576BL,2057.02
Dott. Giovanni Cocci,4,LI,QW11293KV,2319.27
Francesca Cuzzocrea,76,VV,EV13580KA,3061.68
Annetta Barzini,12,LI,CF94104GT,2408.54
Ermanno Armellini,26,BO,EQ09593LO,374.57
Cirillo Piane,75,CT,KP96418GV,1010.43
Donatella Rossi-Bianchi,14,,US06042YM,2662.85
Liana Agostini,91,VA,JA76255RH,2803.20
Serena Abba,63,TS,CH14722EC,
Donato Saragat,3,PI,EF54738OR,1254.32
Marcello Storladi,50,vE,ZF52058WP,1739.51
Pomponio Gozzi,9,FC,CM42677XN,551.14
Paolo Porzio,23,CT,XT55153KX,202.16$
Liana Curiel,36,MO,LS43267VJ,2387.61
Giuliana Seddio,28,AL,QZ67142TX,1369.55
Salvatore Federico,81,PI,NX21110JU,2536.39
Milena Sokolov,73,BR,HV78498ME,1782.87
Dott. Vincenza Finotto,13,FC,CN64404PY,2268.29
Iolanda Capecchi,61,AQ,EH28447AW,1203.88
Ettore Marzorati-Camuccini,55,,IN06366GZ,
gIaMPiEro cuda,36,AR,EK21543EW,1408.54
Giorgia Barese,53,CL,KC10759FW,1938.77
Liliana Bettin,36,NA,HF44877EL,2401.04
Gianfranco Vitturi,95,BT,PY19203ZJ,2565.88
Adamo Garibaldi-Salgari,79,VA,RP01005BI,2827.52
Diana Ioppi,4,CN,CQ73228RI,1535.83
Calogero Paolucci,71,CZ,PH03328VN,2083.05
Sig.ra Viridiana Pigafetta,50,FM,YJ65519FR,1812.66
Sig. Romolo Schiavone,26,RG,UM17595KZ,1115.54
Venancio Casini-Giacconi,,PO,PS51697EB,1064.23
Dott. Milo Calarco,-87,TV,NE98505FO,1199.30
Sig.ra Serafina Niscoromni,37,CI,JF70324HD,-638.21
Giulio Pucci-Morricone,26,CI,GW40813YJ,1942.73
Dott. Tonino Donarelli,3,FM,WI87645DY,1575.07
Giulia Solari,47,AP,BD64914QS,907.42
Livia Zecchini,59,AQ,II24461LH,2174.43
Carla Gagliardi,93,,AZ97951AC,2127.68
Coluccio Murri,88,CZ,MC87301AS,1836.59
Caterina Viola,71,,MQ85783ET,2419.90
Dott. Pasqual Paltrinieri,15,CE,NJ94907YY,1954.18
Eva Palazzo,83,VB,IP06946FG,2379.96
Virgilio Vecoli,13,PR,TU67694GD,777.32
Barbara Guidotti,13,KR,QI49642YG,2112.01
Marissa Niscoromni,50,CH,KX95812DI,645.75
Chiara Mocenigo,2,MT,KC54562EK,432.51
Dott. Veronica Alfonsi,69,SP,ER77715YB,1513.61
Federigo Tresoldi,1,VR,HU51997QB,1376.02
Nedda Staglieno,80,MO,WY33254XO,1326.81
Sig.ra Bettina Bondumier,52,SO,TF07377MU,1386.16
Lauretta Moresi-Corradi,8,MI,HZ06925ZV,2019.75
Biagio Salvini,56,AP,IS22675DH,1526.76
Adamo Scarpetta,30,PE,OA38597AS,1576.18
Maurilio Sanguineti,22,TN,VE77154TW,1826.75
Augusto Gatto,80,VI,LN18946ZW,1455.69
Luca Cortese,69,VA,WP39244SA,1792.59
Fabia Desio,48,GR,ZS51560GA,1718.63
M. R. ,2,FM,DP96293VL,1218.78
Lara Majorana-Moretti,45,,PP14387FU,800.52
Gianluigi Pulci,99,NU,OB78677QB,479.47
Bianca Norbiato-Bertoni,87,RC,FT67443HU,833.97
Agnolo Comolli-Bertoli,55,TN,BL30308ND,3115.26
Raimondo Bataglia-Persico,72,SA,OR61878BW,1456.63
Dott. Sophia Condoleo,20,MC,LZ61098KV,750.86
Giulietta Biagiotti,95,LO,LV78217WC,1544.98
Fiorino Fiorucci,71,PO,VI98807WR,2245.92
Ciro Puccini,3,PG,RT50724NH,795.76
Mariana Ruggieri,63,PN,DD72420NP,1820.09
Ludovica Parri-Scarlatti,68,AN,SG34583UF,1898.35
Amico Asmundo,96,RN,XL55292ON,1725.68
Sig. Amleto Badoer,71,PA,LQ24248GT,309.40
Rosa Beccaria,18,MI,LG99265RM,1866.66
Giustino Rienzo,78,AT,XS35887OA,1777.15
Simone Camicione-Padovano,-13,IS,DM15578SW,1436.56
Dott. Vittorio Franscini,88,RI,WE92170GM,627.09
Dott. Cecilia Lollobrigida,55,TR,EZ66752KL,1795.27
Sandro Iacobucci,52,EN,HL20150QR,1265.63
Danilo Bellucci,29,SP,PK01743KN,1790.90
Stefano Andreozzi-Metella,73,BG,WO98550ML,1625.31
Laureano Cremonesi,49,FR,YI53469RG,1576.30
Mirco Scaramucci,49,SV,CJ42365JG,952.99
Sig.ra Cecilia Pavarotti,27,MT,RY41619CP,1525.30
Pierangelo Ritacca,21,CI,RA91026QL,2570.98
Fiorenzo Giammusso,45,SI,NR06582Nm,1281.84
Sig.ra Vanessa Munari,3,AT,QA16956RH,1049.49
Dott. Sandra Morricone,53,AT,WM38540HN,1523.79
Lodovico Solari,47,VV,FZ08809UH,1814.91
Dott. Amadeo Pasolini,70,LT,DW63286CX,841.78
Germana Leopardi,44,CO,XX01586IJ,2037.72
Dolores Nicoletti,14,TR,XJ24569HF,1215.04
Fiorino Ginesio-Gabba,13,AL,UC36232WS,54.83
Maura Zabarella,5,MN,UZ90674ZG,2598.12
Maria Navone,68,BR,HQ13964FH,2114.48
Pierangelo Gagliano,34,GO,ZU09594WW,1310.74
Domenico Soffici-Scandone,-41,PV,BG40798JY,2525.37
Elisa Nicolini-Luria,-94,GO,MB43028QE,1957.27
claudIa POLesEL,16,iM,EN99805OO,2449.99
Marcella Renzi,33,MC,BO01904NO,956.79
Sig.ra Nedda Donà,5,EN,FK92298NF,1790.94
Salvi Condoleo,75,LI,IL95593VS,1419.07
Martina Asmundo,5,SR,,1994.59
Rosa Guicciardini,27,LO,QD69389CZ,698.98
Pasquale Mattarella-Marazzi,33,PC,BD96338SI,663.47
Cristina Luria,24,VI,QW34915NX,2372.14
Gianni Prodi,31,BA,LE48353QS,475.67
Dott. Carolina Vecoli,17,PN,FL05946NH,1296.21
Sig. Arnulfo Guidotti,77,SO,WM69777JD,1868.01
Alfredo Borsellino-Littizzetto,,RN,XK21770UJ,-107.95
Lodovico Verri,52,,ST45961CR,367.09
Romana Bonomo,44,,GS79035ZE,1505.76
Temistocle Delle,78,PZ,ZP32059rm,1953.91
Margherita Castiglione,69,MO,GS33250NR,787.07
Irma Scarpetta,19,CO,MI05925EI,1479.29
Sig. Fiorenzo Druso,46,LE,YT14353HD,1462.00
Ludovica Stucchi,69,LU,KU92917GR,2234.61
Ermanno Guidotti,54,OG,PM81151XF,
Veronica Gussoni-Guariento,29,BG,FJ25379YL,1559.58
Edoardo Busoni,15,VE,BO86553TA,976.76
Iolanda Pulci,90,PO,JC75761KI,1513.22
Flora Altera,21,VE,AY11956IR,2311.14
Renata Cappelli,-47,BA,CK51465OX,1218.38
Eleanora Celentano,25,RI,YU63533YQ,1254.33
Dott. Gianpietro Balla,31,FG,RL70355LZ,2112.46
Letizia Pacelli,17,FI,UG22971KD,1048.09
Gaspare Lamborghini,60,PE,TC69860WA,
Sig.ra Lara Cagnotto,68,LT,YO86578CE,970.71
Romana Boezio,93,PT,WL07529HT,2355.47
Geronimo B. ,66,KR,BC74213KT,1346.65
Annamaria Berrè,91,SV,YO89036YS,688.39
Ivan Tremonti,77,TP,PZ98156UN,1290.30
Zaira Galeati,45,PG,LZ11959ES,1320.69
Geronimo Bocelli,6,MB,WV74623UN,1775.95
Dott. Melania Paolucci,74,RA,PP30459DO,1666.32
Sandra Cainero,19,,DA98241WO,413.95
Ruggiero Sbarbaro,35,BR,OZ83237TT,1945.16
Stefania Pisaroni,83,NU,RZ98345KL,1089.03
Donatello Corradi,73,AO,js86458Ly,1114.25
Fausto Nitto,31,LU,YL36108CE,2318.89
,24,AG,LA08321HM,1093.00
Lisa Greco,64,AP,JR13199XV,1319.89
Dott. Ermenegildo Lettiere,4,SO,TT64194VA,2079.22
aMalIa jAcuzzi,29,PD,FV91396HI,-301.37
Dott. Valentina Fanucci,93,SS,QN67401AV,2019.61
Dott. Aria Caccioppoli,98,TV,EW79176FM,1506.22
Sig. Alfio Fibonacci,82,FI,LY95000LB,1784.57
Valerio Leone,39,IS,CU92156PG,1784.28
Giuseppina Bompiani,14,,,1438.37
Valeria Mastroianni,86,TN,QX82099HC,1935.54
Azeglio Fittipaldi,48,VB,TJ82292WW,1564.19
Alessio Scalera,55,PE,XJ24077TD,1030.69
Raimondo Perini-Cicilia,17,NA,PM98410EK,1441.38
Martino Flaiano-Garibaldi,75,SO,ZQ10519AI,992.24
Ornella Salvini,31,KR,CJ80876YU,1663.39
Allegra Villarosa-Coardi,91,,RS07407EL,1655.03
Flora Peranda,32,,MA87925EU,960.45
Gioffre Filogamo-Scarfoglio,53,AN,EQ41527SB,1171.57
Torquato Lombroso,79,TN,OX34099GC,1100.85
Carolina Murri,40,BO,FD44135SD,2174.09
Nico Zamorani,27,MO,NU54956QA,1814.01
Laureano Montanariello-Majewski,21,SP,CH39489RY,2019.49
Marta Brichese,34,CR,BT11983JX,1288.93
Silvia Bellucci-Bondumier,18,VS,YE05529QX,
Damiano Baracca-Callegaro,,TO,QI70830PV,885.35
Fredo Orengo,57,GO,AF48908DV,1674.03
Riccardo Tagliafierro,,CA,TA78331CB,1322.56
Valerio Baggio,56,SS,QE87506DV,344.47
Bianca Littizzetto-Smirnoff,39,UD,JU20397UZ,1278.19
Sig.ra Marina Valmarana,74,CE,DG22287MK,1048.81
Sig. Leopoldo Biagi,58,AG,UU40491CB,-12.45
Fortunata Sagnelli,44,CL,TP92631GP,1743.22
Saverio Mercalli,79,KR,GF82791IG,960.07
Dott. Tiziano Lamborghini,,OG,PO36383CT,1130.43
Claudia Pedroni,2,CS,YE78287EX,886.12
Valentina Tasca,61,GO,QO14413LB,705.80
Rosina Visintini,62,AQ,VC15001DP,979.55
Dott. Leopoldo Vespucci,16,AR,BL18999JP,2612.45
Dott. Laura Ioppi,-14,GR,YR64890NX,2062.76
Laura Botticelli,18,,MP79997BJ,2479.82
Ugo Interminelli,24,VR,XS31173EO,1364.16
Valentina Pedroni,86,SP,oa01278Cp,1801.34
Tonino Barracco-Giunti,70,LU,KU80072EV,2102.33
Patrizio Spanevello,57,LU,AR08923IN,1516.06
Antonietta Pellico,28,OR,WR70227DX,
Piero Ughi,85,SR,WL21590VL,384.02
Nanni Mancini,48,OR,MI63355JE,2752.29
Ennio Torlonia,35,VS,ED56615VH,2094.98
Nicoletta Volterra,34,PZ,ZH45768QV,2223.33
Federico Palladio,73,FC,JZ59904QE,1675.82
Uberto Albertini,97,LC,NI10472QZ,2581.42
Sig. Donatello Carpaccio,39,PO,AJ50182RM,1798.58
Annetta Gilardoni,5,PE,SD47463CM,1487.24
Sig. Ronaldo Cundari,96,CT,NY00858UP,382.68
Piermaria Maderna,71,CE,IL27955YR,1857.97
Alphons Rismondo,11,FG,OU71558JF,1418.87
Enrico Parini,44,VR,KV57989IW,$2315.66
Fabia Finotto,-15,CN,VL78535OY,1146.87
Priscilla Stefanelli-Correr,59,FG,VV13480AZ,2013.09
Sig.ra Gianna Marangoni,70,OT,MP41761WG,961.04
Durante Liguori-Montanari,9,FM,WZ10329FZ,632.79
Gioachino Tiepolo-Tarchetti,79,AV,XQ56322QT,
Romolo Barbarigo,25,LE,EZ27870YB,955.09
Marco Giradello,59,CZ,ZA00321NQ,1489.31$
Mariana Castelli,-89,VT,RL97376UQ,1437.69
,1,RO,SQ62861KN,1360.93
Paulina Trobbiani-Nosiglia,37,FE,OU52810EU,1190.61
Gemma Vecellio-Vigliotti,39,MB,BC27076SK,1889.01
Roman Volterra,26,CH,KW05294YY,2613.33
Leone Scalfaro,12,RI,Gm08691vV,2192.39
Dott. Atenulf Crespi,21,,QY35001MS,1652.56
Sig. Piersanti Ruggeri,67,GO,YJ04865RZ,1252.10
Nicoletta Bosio,29,IS,IX01473XD,710.77
Sig.ra Irma Randazzo,-5,TR,ND18997TO,1468.61
Sig. Micheletto Pizzamano,21,TA,MD40785DH,1708.70
Melina Schiavo,44,FM,MH56727UO,1235.07
Livia Anichini-Bettin,18,TP,HZ84502BP,719.26
Salvi Correr-Cuzzocrea,69,PE,KZ46773QH,1694.70
Dott. Puccio Rismondo,,AQ,EI80953OJ,1640.15
Livia Navone,70,AV,VF18488WW,1114.10
Dott. Flora Vigorelli,70,LO,DX34720BX,1476.67
Giustino Donarelli,29,SV,KB24878BK,386.36
Romolo Rizzoli-Bataglia,11,CR,YP60165SI,
Anita Pausini,5,AN,VT58493PP,2006.12
Tullio Florio,73,GO,YS85707JY,859.36
Martino Tasso-Jacuzzi,70,LC,FD91514TO,
Pierluigi Cantimori,13,BL,NE14664MI,
Arnaldo Prada,83,PG,DV94718BY,184.57
Biagio Cicilia,17,OT,GH68268PD,2203.78
Etta Brenna-Bossi,1,CN,DU80453YY,992.37
Laura Bandello,13,TO,BV93324VI,922.34
Laureano Ferrara,78,LT,OE87972UL,1539.67
Telemaco Niggli,9,LT,FG50041LL,2027.42
Melania Armani,51,BZ,VJ95701SM,873.48
Dott. Gianni Carullo,40,BN,BZ12638DB,2346.66
Nadia Biagi,95,TO,AT68936VV,1071.57
Tatiana Canetta-Pausini,32,CL,HF45019RD,1661.62
Dott. Iolanda Agostini,27,MB,VB93982MP,2121.55
Morena Morandini,35,LE,XT78804GG,745.68
Piersanti Verdone-Guidotti,58,BN,ML47052TQ,353.39
Enzo Schicchi,66,LC,DH38444JI,1604.99
Amadeo Bellò,67,MC,DK01431UI,338.55
Antonio Silvestri,15,IM,HU82329ZS,1684.27
Sig. Cesare Moschino,1,FG,FL70713RC,1346.95
Emilio Gemito,9,CT,CX09419PF,1886.93
,,BO,XD15055XE,856.17
Bianca Antonini,31,FE,QJ35825VH,1867.62
Romana Peano,28,,WL08886SC,1547.34
Rembrandt Paolini,96,LC,XN67103XJ,
Stefani Nosiglia,60,PO,FT18729ZN,2152.22
Luisa Bulzoni,48,AP,TP83954TP,1814.70
Giovanna Giulietti,96,TO,HY46622CG,2130.37
Imelda Trapanese,81,FG,QZ28471WF,737.40
Sig. Salvatore Maderno,51,PN,JM95495RQ,967.00
Maria Salgari,64,VC,DN78924HX,1607.66
Matteo Pisacane-Totino,52,GO,FN07727BK,1455.80
Maurilio Pavarotti,83,PA,YJ99650GJ,363.19
Ferdinando Prodi,2,NO,GE70295AG,399.27
Nicoletta Pulci,89,GE,JU69605LE,1655.24
Fulvio Chechi,5,AT,WJ85096GI,2353.88
Dott. Giampaolo Viola,79,FR,UC01660OH,2422.18
Ottone Antelami,89,RG,TH66266AE,1900.78
Dott. Eleanora Morosini,50,RN,FW95593JF,442.66
Bianca Rensi-Ottino,5,RE,BC48915BN,1786.73
Bianca Ortolani,73,PD,CZ65826OC,828.60
Giuliana Morellato,48,CE,AH37078ZT,1860.48
Sig.ra Marisa Montanariello,71,TN,PP05652IT,1056.52
Roberta Traetta,4,RI,UT74981IJ,1372.01
Dott. Adelasia Travaglio,74,AP,MA45362NP,443.22
Pierangelo Prodi,32,SR,OE24021RN,701.19
siG.rA MeRCEDes BERGOgLiO,72,TA,OJ16104RN,1574.82
Marcella Pisaroni,56,BZ,MI31552MI,1710.56
Sig.ra Nadia Carnera,64,LT,EQ69891EP,991.33
Silvio Padovano-Armani,35,MB,QF15190WP,1930.48
Lodovico Calarco,66,,SX89482MT,1409.52
,70,LC,CT76497VQ,-251.05
Antonella Fieramosca-Ruberto,14,CR,JA82095KU,1643.74
,63,GR,OL60621JM,1661.30
Ernesto Lanfranchi-Branciforte,58,MN,NE21459GY,1656.29
Rosina Morellato,1,RC,NO35081JE,2439.62
Geronimo Gibilisco,90,PA,TC37811QI,930.58
Adelmo Perozzo,56,BN,UM79129YE,811.47
Emma Farnese,96,CA,EH59530IU,313.24
Sandro Nosiglia,27,CA,EV88104LS,1261.14
Sig. Ernesto Gualtieri,66,IM,DB32849TD,1902.95
Dott. Francesco Tozzo,55,IS,BV05005UK,2422.38
Vittoria Lancisi,36,CZ,OA35855SO,888.25
Ruggero Govoni,,PG,WW25099CS,1339.11
Saverio Campano,17,,MF67019YZ,1688.31
Ennio Soffici,58,RA,CZ34977NV,658.27
Matilda Morrocco,12,ME,HR50073RU,1216.32
Dott. Bernardo Gianetti,53,CZ,IH74918GL,1623.78
Alphons Capone,53,CR,JU78678QE,2546.88
Eva Tacchini,51,CB,KT63579TZ,2640.77
Marisa Accardo,34,MN,CB70660EE,1368.80
Ettore Gentileschi,27,SV,HD67259LP,1706.99
Umberto Vasari,89,TA,WH99007XE,669.37
Monica Tartini,82,RN,NN38686WV,2423.99
Sig.ra Loretta Fogazzaro,57,SI,RM16832VW,1452.43
Luciano Pignatti,1,PC,RU06677BA,1450.26
Sig. Elladio Battisti,4,RC,SH18086HQ,2005.39
Sig. Fulvio Ortese,49,GO,JZ39392VZ,404.95
Marina Zacchia,68,BG,HP48035VW,2914.90
Paola Camuccini-Interminelli,49,CB,DX12695HF,2131.24
Cassandra Franscini,24,GE,ZO55934UV,1367.38
Valentina Gramsci,5,GO,PE03576QB,402.04
Michelangelo Battisti,54,ME,OD14736PE,1331.91
Marta Oscuro-Vivaldi,50,NO,LA88212BJ,818.07
Sig. Pietro Zaguri,69,SI,OR32241MV,1135.06
Sig. Dionigi Paganini,2,VB,ME95452IA,1369.12
Alberico Gregori-Marcacci,65,VV,BV58631JS,1559.02
Maurizio Giannone,77,bG,PD27576CJ,1582.03
Luigi Bajardi,79,BR,RF92315OU,1202.85
Raffaellino Gadda,20,AR,ZW37973YA,748.66
Alderano Tresoldi,70,OG,PR36636ID,878.44
Gionata Calarco,60,EN,GN72273EI,1931.16
Annibale Rosmini,6,MO,XV63506UO,1589.51
Dott. Marisa Giannuzzi,80,RM,TO28902VP,1489.55
Giuseppina Bettin,3,RA,SQ66697YQ,1231.21
Gemma Tirabassi,13,SP,RD61505EO,1384.89
Valentina Ludovisi-Carocci,41,PD,SI07495BZ,1046.65
Annibale Doglioni,9,AV,ZE57782WI,1957.12$
Pasqual Valmarana,33,PZ,FQ87594WC,812.87
Gianluigi Turchetta,45,KR,ZB06472EW,
Dott. Zaira Goldoni,69,GE,WF79515UO,411.61
Matilda Guicciardini,22,,LN93518HB,2460.18
Luigina Fallaci,49,OT,CJ94923HV,1729.40
Stefani Fusani-Maffei,15,BT,OF08503GH,1378.44
Sig. Piero Lamborghini,26,CN,TZ09493WG,2114.06
Luigi Priuli,2,PT,WW87477RM,2152.21
,63,,XU20351AR,
Rosalia Chittolini,90,OR,JN00753IJ,1332.63
Massimiliano Brichese,89,BI,IT45408VB,2239.04
Napoleone Camicione,9,CL,NH46017LF,1649.42
Dionigi Morlacchi-Toselli,79,PO,ZE40745WW,2351.35
Arturo Bellocchio,27,VC,SD18860NK,
Fabia Jovinelli,-2,PG,QQ34619SS,879.66
Cecilia Baglioni,37,OT,US35934UD,1247.17
Angelina Segni,87,OR,KF01917BG,1354.89
ROSSANa TAsSOnI,88,CA,EZ31358IC,1373.81
Dott. Renzo Caffarelli,41,PE,TG98678KF,1365.12
Claudia Emanuelli-Giannelli,27,SV,GB31764DP,703.62
Allegra Abbagnale,23,RN,DY60871LN,1457.21
Sig. Raffaello Trupiano,7,MT,GL59467AR,601.78
Sig.ra Sylvia Iannucci,29,TV,WE23036WI,2104.49
Ludovica Savorgnan-Lattuada,57,NO,PT87449IK,2665.61
Biagio Marazzi,89,CE,ZW51326BL,1792.97
Luca Sollima,82,PG,GM11254GJ,1092.50
Tatiana Abate-Cavanna,-66,LT,UX96636UD,2346.14
Gianmarco Tonisto,25,RC,EI45369BN,2114.27
Benedetto Gonzaga,,OG,HD81751DK,535.00
Melissa Bonatti,9,CH,QZ55531ZF,1146.11
Sig.ra Camilla Miniati,29,OR,YP32312XL,
Lara Marazzi,84,EN,CL89427DE,2017.00
Sabatino Sraffa,85,GE,IY87406AH,1707.52
Melania Trobbiani-Liverotti,90,TO,SG00219TT,1064.11
Beppe Iacovelli,67,CS,HC68151VM,1613.00
Rodolfo Scaramucci-Filippelli,17,BA,XG89620QO,832.75
Piero Pirandello,73,MT,PU61549HO,1319.04
Dott. Viridiana Onisto,66,SA,OT60611SK,-550.93
Loredana Cibin-Gozzi,88,PN,AR30658QF,1998.33
Osvaldo Bertoni,2,VC,NQ02891FD,1957.41
Gianluca Finotto,54,CL,PA43432TX,491.25
Dott. Maura Vivaldi,64,SP,FQ13173RN,73.00$
Paolo Castioni,42,TV,RD94401RG,883.20
Jacopo Zoppetto,71,SP,DL07371DK,
Geronimo Pennetta,48,PN,AX27125VF,1589.49
Michelotto Ferretti,52,VI,,753.69
Cesare Ossola,44,CR,AO33110QQ,2075.87
Ninetta Modugno,54,TO,BV53490AO,1046.56
Giorgia Nosiglia,21,SV,UJ15139UK,380.49
Teresa Sordi,36,VI,JZ33338EK,1535.93
Gemma Sabbatini,23,EN,RO22442LA,795.99
Ramona Tamburello,63,,DL08903PE,1642.29
Sig. Raffaello Cagnotto,80,RI,AP48302FO,1462.26
Arnaldo Vattimo,43,PZ,SZ25834PH,1459.52
Massimiliano Valguarnera,28,PE,RJ43437NP,377.12
Marcella Romano,94,PG,HV36368CX,1791.79
Gustavo Bembo,2,PR,ZU91090DA,1421.36
Lidia Oscuro,72,FE,AK10160KC,2041.48
Milo Pulci,32,LO,DQ39110JA,1258.66
,56,,SU85564LZ,
Ornella Treves,8,BG,IF75629IX,1539.81
Dott. Margherita Argenti,41,PZ,XH29116PW,2091.66
Valerio Salata,55,SP,NC93620WE,2250.65$
Sig. Nino Giacometti,28,PV,RJ32151OU,2857.16
Annibale Caironi,23,LU,CE07063TJ,1096.81
Dott. Marisa Cutrufo,58,VV,OL02720AV,1213.57
Raffaellino Goldoni,88,TE,UZ02841VJ,941.24
Ernesto Civaschi,3,EN,SV72302ZV,2413.55
Sig. Giuseppe Gianinazzi,96,LO,JR81492SB,534.88
Elisa Mazzacurati,73,BN,MJ09624OF,
Antonello Stefanelli,41,PC,KH61146EL,2584.05
Ottone Giradello,8,AO,QZ34263PY,1070.45
Ottavio Fagotto-Castiglione,85,CN,KR88388KM,1904.70
Piersanti Tacchini,82,TR,LX33676VN,1504.09
Pierina Romagnoli,25,GR,EY31900SN,266.61
Carolina Maggioli,93,FM,PA03965BI,2309.12
Durante Caetani,78,FG,HN23841YF,1232.53
Dott. Gioachino Majorana,57,TA,XA83640JV,495.59
Dott. Oreste Liverotti,47,NU,CK40693GU,1312.19
Ciro Cuda-Ricciardi,95,FI,ZG64960FX,460.32
Veronica Ceci,31,RE,SU33808LI,1064.89
Gloria Querini-Smirnoff,59,BA,CZ55368KN,
Mercedes Pietrangeli,46,,YQ34412EL,571.57
Renata Tiepolo,13,SR,UG82252OR,2429.01
Bettina Soranzo,33,FR,SD62535MO,2083.46
Tiziana Cardano,-41,BR,CV64183KH,2351.23
Carolina Grisoni,4,VE,BK00545CW,305.66
Priscilla Gregori,34,NU,FY22016RA,653.96
Sig.ra Annamaria Interminelli,80,FE,US59217JN,1344.74
Olga Renzi-Cristoforetti,14,ME,UK55249WW,999.13
Emma Grassi,96,UD,ZI37742TJ,1670.13
Pasquale Brunello,76,LE,JM84588UN,1289.25
Milo Pederiva,,NU,FD88916CJ,2083.41
Puccio Ruffini,92,CS,PV89207LA,2012.95
Gianfrancesco Cianciolo,48,CS,DC19115FC,1299.86
Lisa Ludovisi,80,CN,NR82153ED,897.60
Camillo Bondumier,28,LI,HK14468XP,
Gaspare Medici,12,BS,II02043SI,2023.87
Dott. Mattia Norbiato,48,LT,NK25887SI,1180.49
Adriana Veneziano,37,RC,HX55046YS,2422.11
Bettina Pacetti,33,SR,CJ65337JO,2717.04
Olga Chechi,27,MS,JL89548WL,1752.95
Angelina Barracco,51,,PY04306AD,93.55
Gabriele Mortati,,GR,WC04090QF,3047.49
Silvio Taliercio-Riccardi,24,AQ,IX39699NM,
G. Saffi ,13,VS,NU04560TJ,1035.15
Dott. Bianca Guglielmi,89,MS,RI66058SH,1800.18
Rosalia Mozart,23,PE,BR28920QM,867.28
Romolo Bartoli,-74,BR,MP31143YJ,651.15
Giosuè Tassoni,88,VI,VZ20420TE,1546.06
Lisa Parri-Argan,33,AG,MP90737FS,1286.33
Fredo Fermi,50,VA,RC54618TL,920.55
Flora Trezzini,54,BI,WC66439DJ,727.07
Luisa Abate,49,,OD82873UJ,66.99
Tullio Filangieri,75,MS,UP56552HI,1282.97
Mario Pizzo,91,,PU74902IZ,1109.66
Benvenuto Botta-Casadei,24,SS,PQ02176JU,2720.47
Sandra Cutuli,13,SS,CB55913DA,1867.62
Melania Zoppetti,40,AR,WQ71232YR,1068.19
Ettore Lerner,25,BG,MO01068OH,2521.78
